{
    "wall_times": {
        "load_features": 0.9270378589999382,
        "load_matches": 0.07456090999994558,
        "compute_tracks": 11.907117750999987
    },
    "wall_time": 12.90871651999987,
    "num_images": 10,
    "num_tracks": 6837,
    "view_graph": [
        [
            "DSC_0500.JPG",
            "DSC_0502.JPG",
            1155
        ],
        [
            "DSC_0502.JPG",
            "DSC_0503.JPG",
            1962
        ],
        [
            "DSC_0496.JPG",
            "DSC_0503.JPG",
            1406
        ],
        [
            "DSC_0494.JPG",
            "DSC_0501.JPG",
            831
        ],
        [
            "DSC_0496.JPG",
            "DSC_0500.JPG",
            1702
        ],
        [
            "DSC_0499.JPG",
            "DSC_0502.JPG",
            1765
        ],
        [
            "DSC_0496.JPG",
            "DSC_0498.JPG",
            2767
        ],
        [
            "DSC_0494.JPG",
            "DSC_0496.JPG",
            2771
        ],
        [
            "DSC_0494.JPG",
            "DSC_0499.JPG",
            2124
        ],
        [
            "DSC_0497.JPG",
            "DSC_0501.JPG",
            1046
        ],
        [
            "DSC_0499.JPG",
            "DSC_0501.JPG",
            1181
        ],
        [
            "DSC_0500.JPG",
            "DSC_0503.JPG",
            1165
        ],
        [
            "DSC_0500.JPG",
            "DSC_0501.JPG",
            460
        ],
        [
            "DSC_0497.JPG",
            "DSC_0499.JPG",
            2657
        ],
        [
            "DSC_0497.JPG",
            "DSC_0502.JPG",
            1648
        ],
        [
            "DSC_0498.JPG",
            "DSC_0501.JPG",
            1102
        ],
        [
            "DSC_0501.JPG",
            "DSC_0503.JPG",
            969
        ],
        [
            "DSC_0499.JPG",
            "DSC_0503.JPG",
            1560
        ],
        [
            "DSC_0494.JPG",
            "DSC_0503.JPG",
            1242
        ],
        [
            "DSC_0495.JPG",
            "DSC_0501.JPG",
            915
        ],
        [
            "DSC_0496.JPG",
            "DSC_0502.JPG",
            1589
        ],
        [
            "DSC_0498.JPG",
            "DSC_0503.JPG",
            1513
        ],
        [
            "DSC_0496.JPG",
            "DSC_0501.JPG",
            974
        ],
        [
            "DSC_0495.JPG",
            "DSC_0496.JPG",
            3061
        ],
        [
            "DSC_0496.JPG",
            "DSC_0499.JPG",
            2481
        ],
        [
            "DSC_0495.JPG",
            "DSC_0498.JPG",
            2553
        ],
        [
            "DSC_0497.JPG",
            "DSC_0503.JPG",
            1446
        ],
        [
            "DSC_0494.JPG",
            "DSC_0498.JPG",
            2377
        ],
        [
            "DSC_0494.JPG",
            "DSC_0497.JPG",
            2547
        ],
        [
            "DSC_0497.JPG",
            "DSC_0498.JPG",
            3030
        ],
        [
            "DSC_0501.JPG",
            "DSC_0502.JPG",
            1315
        ],
        [
            "DSC_0496.JPG",
            "DSC_0497.JPG",
            3015
        ],
        [
            "DSC_0495.JPG",
            "DSC_0497.JPG",
            2751
        ],
        [
            "DSC_0498.JPG",
            "DSC_0499.JPG",
            2870
        ],
        [
            "DSC_0494.JPG",
            "DSC_0495.JPG",
            3116
        ],
        [
            "DSC_0498.JPG",
            "DSC_0500.JPG",
            1894
        ],
        [
            "DSC_0497.JPG",
            "DSC_0500.JPG",
            1778
        ],
        [
            "DSC_0495.JPG",
            "DSC_0499.JPG",
            2296
        ],
        [
            "DSC_0495.JPG",
            "DSC_0503.JPG",
            1309
        ],
        [
            "DSC_0495.JPG",
            "DSC_0502.JPG",
            1452
        ],
        [
            "DSC_0495.JPG",
            "DSC_0500.JPG",
            1674
        ],
        [
            "DSC_0494.JPG",
            "DSC_0500.JPG",
            1550
        ],
        [
            "DSC_0494.JPG",
            "DSC_0502.JPG",
            1397
        ],
        [
            "DSC_0499.JPG",
            "DSC_0500.JPG",
            2019
        ],
        [
            "DSC_0498.JPG",
            "DSC_0502.JPG",
            1691
        ]
    ]
}